STRUCTURE,STRUCTURE_ID,STRUCTURE_NAME,ACTION,FREQ,Frequency of observation,REF_AREA,Reference area,SECTOR,Institutional sector,COUNTERPART_SECTOR,Counterpart institutional sector,TRANSACTION,Transaction,INSTR_ASSET,Financial instruments and non-financial assets,ACTIVITY,Economic activity,EXPENDITURE,Expenditure,UNIT_MEASURE,Unit of measure,PRICE_BASE,Price base,TRANSFORMATION,Transformation,TABLE_IDENTIFIER,Table identifier,TIME_PERIOD,Time period,OBS_VALUE,Observation value,REF_YEAR_PRICE,Price reference year,CONF_STATUS,Confidentiality status,DECIMALS,Decimals,OBS_STATUS,Observation status,UNIT_MULT,Unit multiplier,CURRENCY,Currency
DATAFLOW,OECD.SDD.NAD:DSD_NAMAIN10@DF_TABLE2(1.0),"Annual national disposable income, saving and net lending/net borrowing",I,A,Annual,CHL,Chile,S1,Total economy,S1,Total economy,IN21D,Current transfers payable to the rest of the world,_Z,Not applicable,_Z,Not applicable,_Z,Not applicable,XDC,National currency,V,Current prices,N,Non transformed data,T0107,"Table 0107 - Disposable income, saving, net lending / borrowing",2019,,2558817.68,,,,F,Free (free for publication),1,One,A,Normal value,6,Millions,CLP,Chilean peso
DATAFLOW,OECD.SDD.NAD:DSD_NAMAIN10@DF_TABLE2(1.0),"Annual national disposable income, saving and net lending/net borrowing",I,A,Annual,CHL,Chile,S1,Total economy,S1,Total economy,IN21D,Current transfers payable to the rest of the world,_Z,Not applicable,_Z,Not applicable,_Z,Not applicable,XDC,National currency,V,Current prices,N,Non transformed data,T0107,"Table 0107 - Disposable income, saving, net lending / borrowing",2020,,3717243.812,,,,F,Free (free for publication),1,One,A,Normal value,6,Millions,CLP,Chilean peso
DATAFLOW,OECD.SDD.NAD:DSD_NAMAIN10@DF_TABLE2(1.0),"Annual national disposable income, saving and net lending/net borrowing",I,A,Annual,CHL,Chile,S1,Total economy,S1,Total economy,IN21D,Current transfers payable to the rest of the world,_Z,Not applicable,_Z,Not applicable,_Z,Not applicable,XDC,National currency,V,Current prices,N,Non transformed data,T0107,"Table 0107 - Disposable income, saving, net lending / borrowing",2021,,5866330.678,,,,F,Free (free for publication),1,One,A,Normal value,6,Millions,CLP,Chilean peso
DATAFLOW,OECD.SDD.NAD:DSD_NAMAIN10@DF_TABLE2(1.0),"Annual national disposable income, saving and net lending/net borrowing",I,A,Annual,CHL,Chile,S1,Total economy,S1,Total economy,IN21D,Current transfers payable to the rest of the world,_Z,Not applicable,_Z,Not applicable,_Z,Not applicable,XDC,National currency,V,Current prices,N,Non transformed data,T0107,"Table 0107 - Disposable income, saving, net lending / borrowing",2022,,4284732.203,,,,F,Free (free for publication),1,One,A,Normal value,6,Millions,CLP,Chilean peso
DATAFLOW,OECD.SDD.NAD:DSD_NAMAIN10@DF_TABLE2(1.0),"Annual national disposable income, saving and net lending/net borrowing",I,A,Annual,CHL,Chile,S1,Total economy,S1,Total economy,IN1B,Net primary income from the rest of the world,_Z,Not applicable,_Z,Not applicable,_Z,Not applicable,XDC,National currency,V,Current prices,N,Non transformed data,T0107,"Table 0107 - Disposable income, saving, net lending / borrowing",2019,,-7333143.866,,,,F,Free (free for publication),1,One,A,Normal value,6,Millions,CLP,Chilean peso
DATAFLOW,OECD.SDD.NAD:DSD_NAMAIN10@DF_TABLE2(1.0),"Annual national disposable income, saving and net lending/net borrowing",I,A,Annual,CHL,Chile,S1,Total economy,S1,Total economy,IN1B,Net primary income from the rest of the world,_Z,Not applicable,_Z,Not applicable,_Z,Not applicable,XDC,National currency,V,Current prices,N,Non transformed data,T0107,"Table 0107 - Disposable income, saving, net lending / borrowing",2020,,-12560834.342,,,,F,Free (free for publication),1,One,A,Normal value,6,Millions,CLP,Chilean peso
DATAFLOW,OECD.SDD.NAD:DSD_NAMAIN10@DF_TABLE2(1.0),"Annual national disposable income, saving and net lending/net borrowing",I,A,Annual,CHL,Chile,S1,Total economy,S1,Total economy,IN1B,Net primary income from the rest of the world,_Z,Not applicable,_Z,Not applicable,_Z,Not applicable,XDC,National currency,V,Current prices,N,Non transformed data,T0107,"Table 0107 - Disposable income, saving, net lending / borrowing",2021,,-14017346.686,,,,F,Free (free for publication),1,One,A,Normal value,6,Millions,CLP,Chilean peso
DATAFLOW,OECD.SDD.NAD:DSD_NAMAIN10@DF_TABLE2(1.0),"Annual national disposable income, saving and net lending/net borrowing",I,A,Annual,CHL,Chile,S1,Total economy,S1,Total economy,IN1B,Net primary income from the rest of the world,_Z,Not applicable,_Z,Not applicable,_Z,Not applicable,XDC,National currency,V,Current prices,N,Non transformed data,T0107,"Table 0107 - Disposable income, saving, net lending / borrowing",2022,,-14456125.673,,,,F,Free (free for publication),1,One,A,Normal value,6,Millions,CLP,Chilean peso
DATAFLOW,OECD.SDD.NAD:DSD_NAMAIN10@DF_TABLE2(1.0),"Annual national disposable income, saving and net lending/net borrowing",I,A,Annual,CHL,Chile,S1,Total economy,S1,Total economy,IN21B,Net current transfers from the rest of the world,_Z,Not applicable,_Z,Not applicable,_Z,Not applicable,XDC,National currency,V,Current prices,N,Non transformed data,T0107,"Table 0107 - Disposable income, saving, net lending / borrowing",2019,,734474.312,,,,F,Free (free for publication),1,One,A,Normal value,6,Millions,CLP,Chilean peso
DATAFLOW,OECD.SDD.NAD:DSD_NAMAIN10@DF_TABLE2(1.0),"Annual national disposable income, saving and net lending/net borrowing",I,A,Annual,CHL,Chile,S1,Total economy,S1,Total economy,IN21B,Net current transfers from the rest of the world,_Z,Not applicable,_Z,Not applicable,_Z,Not applicable,XDC,National currency,V,Current prices,N,Non transformed data,T0107,"Table 0107 - Disposable income, saving, net lending / borrowing",2020,,-327204.696,,,,F,Free (free for publication),1,One,A,Normal value,6,Millions,CLP,Chilean peso
DATAFLOW,OECD.SDD.NAD:DSD_NAMAIN10@DF_TABLE2(1.0),"Annual national disposable income, saving and net lending/net borrowing",I,A,Annual,CHL,Chile,S1,Total economy,S1,Total economy,IN21B,Net current transfers from the rest of the world,_Z,Not applicable,_Z,Not applicable,_Z,Not applicable,XDC,National currency,V,Current prices,N,Non transformed data,T0107,"Table 0107 - Disposable income, saving, net lending / borrowing",2021,,-2097570.936,,,,F,Free (free for publication),1,One,A,Normal value,6,Millions,CLP,Chilean peso
DATAFLOW,OECD.SDD.NAD:DSD_NAMAIN10@DF_TABLE2(1.0),"Annual national disposable income, saving and net lending/net borrowing",I,A,Annual,CHL,Chile,S1,Total economy,S1,Total economy,IN21B,Net current transfers from the rest of the world,_Z,Not applicable,_Z,Not applicable,_Z,Not applicable,XDC,National currency,V,Current prices,N,Non transformed data,T0107,"Table 0107 - Disposable income, saving, net lending / borrowing",2022,,502141.877,,,,F,Free (free for publication),1,One,A,Normal value,6,Millions,CLP,Chilean peso
DATAFLOW,OECD.SDD.NAD:DSD_NAMAIN10@DF_TABLE2(1.0),"Annual national disposable income, saving and net lending/net borrowing",I,A,Annual,CHL,Chile,S1,Total economy,S1,Total economy,B6G,"Disposable income, gross",_Z,Not applicable,_Z,Not applicable,_Z,Not applicable,XDC,National currency,V,Current prices,N,Non transformed data,T0107,"Table 0107 - Disposable income, saving, net lending / borrowing",2019,,189153558.934,,,,F,Free (free for publication),1,One,A,Normal value,6,Millions,CLP,Chilean peso
DATAFLOW,OECD.SDD.NAD:DSD_NAMAIN10@DF_TABLE2(1.0),"Annual national disposable income, saving and net lending/net borrowing",I,A,Annual,CHL,Chile,S1,Total economy,S1,Total economy,B6G,"Disposable income, gross",_Z,Not applicable,_Z,Not applicable,_Z,Not applicable,XDC,National currency,V,Current prices,N,Non transformed data,T0107,"Table 0107 - Disposable income, saving, net lending / borrowing",2020,,188540855.184,,,,F,Free (free for publication),1,One,A,Normal value,6,Millions,CLP,Chilean peso
DATAFLOW,OECD.SDD.NAD:DSD_NAMAIN10@DF_TABLE2(1.0),"Annual national disposable income, saving and net lending/net borrowing",I,A,Annual,CHL,Chile,S1,Total economy,S1,Total economy,B6G,"Disposable income, gross",_Z,Not applicable,_Z,Not applicable,_Z,Not applicable,XDC,National currency,V,Current prices,N,Non transformed data,T0107,"Table 0107 - Disposable income, saving, net lending / borrowing",2021,,224256555.522,,,,F,Free (free for publication),1,One,A,Normal value,6,Millions,CLP,Chilean peso
DATAFLOW,OECD.SDD.NAD:DSD_NAMAIN10@DF_TABLE2(1.0),"Annual national disposable income, saving and net lending/net borrowing",I,A,Annual,CHL,Chile,S1,Total economy,S1,Total economy,B6G,"Disposable income, gross",_Z,Not applicable,_Z,Not applicable,_Z,Not applicable,XDC,National currency,V,Current prices,N,Non transformed data,T0107,"Table 0107 - Disposable income, saving, net lending / borrowing",2022,,248639372.046,,,,F,Free (free for publication),1,One,A,Normal value,6,Millions,CLP,Chilean peso
DATAFLOW,OECD.SDD.NAD:DSD_NAMAIN10@DF_TABLE2(1.0),"Annual national disposable income, saving and net lending/net borrowing",I,A,Annual,CHL,Chile,S1,Total economy,S1,Total economy,P3,Final consumption expenditure,_Z,Not applicable,_Z,Not applicable,_Z,Not applicable,XDC,National currency,V,Current prices,N,Non transformed data,T0107,"Table 0107 - Disposable income, saving, net lending / borrowing",2019,,150409666.904,,,,F,Free (free for publication),1,One,A,Normal value,6,Millions,CLP,Chilean peso
DATAFLOW,OECD.SDD.NAD:DSD_NAMAIN10@DF_TABLE2(1.0),"Annual national disposable income, saving and net lending/net borrowing",I,A,Annual,CHL,Chile,S1,Total economy,S1,Total economy,P3,Final consumption expenditure,_Z,Not applicable,_Z,Not applicable,_Z,Not applicable,XDC,National currency,V,Current prices,N,Non transformed data,T0107,"Table 0107 - Disposable income, saving, net lending / borrowing",2020,,149864317.709,,,,F,Free (free for publication),1,One,A,Normal value,6,Millions,CLP,Chilean peso
DATAFLOW,OECD.SDD.NAD:DSD_NAMAIN10@DF_TABLE2(1.0),"Annual national disposable income, saving and net lending/net borrowing",I,A,Annual,CHL,Chile,S1,Total economy,S1,Total economy,P3,Final consumption expenditure,_Z,Not applicable,_Z,Not applicable,_Z,Not applicable,XDC,National currency,V,Current prices,N,Non transformed data,T0107,"Table 0107 - Disposable income, saving, net lending / borrowing",2021,,183439508.149,,,,F,Free (free for publication),1,One,A,Normal value,6,Millions,CLP,Chilean peso
DATAFLOW,OECD.SDD.NAD:DSD_NAMAIN10@DF_TABLE2(1.0),"Annual national disposable income, saving and net lending/net borrowing",I,A,Annual,CHL,Chile,S1,Total economy,S1,Total economy,P3,Final consumption expenditure,_Z,Not applicable,_Z,Not applicable,_Z,Not applicable,XDC,National currency,V,Current prices,N,Non transformed data,T0107,"Table 0107 - Disposable income, saving, net lending / borrowing",2022,,205503360.263,,,,F,Free (free for publication),1,One,A,Normal value,6,Millions,CLP,Chilean peso
DATAFLOW,OECD.SDD.NAD:DSD_NAMAIN10@DF_TABLE2(1.0),"Annual national disposable income, saving and net lending/net borrowing",I,A,Annual,CHL,Chile,S1,Total economy,S1,Total economy,IN21C,Current transfers receivable from the rest of the world,_Z,Not applicable,_Z,Not applicable,_Z,Not applicable,XDC,National currency,V,Current prices,N,Non transformed data,T0107,"Table 0107 - Disposable income, saving, net lending / borrowing",2019,,3293291.992,,,,F,Free (free for publication),1,One,A,Normal value,6,Millions,CLP,Chilean peso
DATAFLOW,OECD.SDD.NAD:DSD_NAMAIN10@DF_TABLE2(1.0),"Annual national disposable income, saving and net lending/net borrowing",I,A,Annual,CHL,Chile,S1,Total economy,S1,Total economy,IN21C,Current transfers receivable from the rest of the world,_Z,Not applicable,_Z,Not applicable,_Z,Not applicable,XDC,National currency,V,Current prices,N,Non transformed data,T0107,"Table 0107 - Disposable income, saving, net lending / borrowing",2020,,3390039.116,,,,F,Free (free for publication),1,One,A,Normal value,6,Millions,CLP,Chilean peso
DATAFLOW,OECD.SDD.NAD:DSD_NAMAIN10@DF_TABLE2(1.0),"Annual national disposable income, saving and net lending/net borrowing",I,A,Annual,CHL,Chile,S1,Total economy,S1,Total economy,IN21C,Current transfers receivable from the rest of the world,_Z,Not applicable,_Z,Not applicable,_Z,Not applicable,XDC,National currency,V,Current prices,N,Non transformed data,T0107,"Table 0107 - Disposable income, saving, net lending / borrowing",2021,,3768759.742,,,,F,Free (free for publication),1,One,A,Normal value,6,Millions,CLP,Chilean peso
DATAFLOW,OECD.SDD.NAD:DSD_NAMAIN10@DF_TABLE2(1.0),"Annual national disposable income, saving and net lending/net borrowing",I,A,Annual,CHL,Chile,S1,Total economy,S1,Total economy,IN21C,Current transfers receivable from the rest of the world,_Z,Not applicable,_Z,Not applicable,_Z,Not applicable,XDC,National currency,V,Current prices,N,Non transformed data,T0107,"Table 0107 - Disposable income, saving, net lending / borrowing",2022,,4786874.08,,,,F,Free (free for publication),1,One,A,Normal value,6,Millions,CLP,Chilean peso
DATAFLOW,OECD.SDD.NAD:DSD_NAMAIN10@DF_TABLE2(1.0),"Annual national disposable income, saving and net lending/net borrowing",I,A,Annual,CHL,Chile,S1,Total economy,S1,Total economy,IN1D,Primary income payable to the rest of the world,_Z,Not applicable,_Z,Not applicable,_Z,Not applicable,XDC,National currency,V,Current prices,N,Non transformed data,T0107,"Table 0107 - Disposable income, saving, net lending / borrowing",2019,,15110431.154,,,,F,Free (free for publication),1,One,A,Normal value,6,Millions,CLP,Chilean peso
DATAFLOW,OECD.SDD.NAD:DSD_NAMAIN10@DF_TABLE2(1.0),"Annual national disposable income, saving and net lending/net borrowing",I,A,Annual,CHL,Chile,S1,Total economy,S1,Total economy,IN1D,Primary income payable to the rest of the world,_Z,Not applicable,_Z,Not applicable,_Z,Not applicable,XDC,National currency,V,Current prices,N,Non transformed data,T0107,"Table 0107 - Disposable income, saving, net lending / borrowing",2020,,16422356.648,,,,F,Free (free for publication),1,One,A,Normal value,6,Millions,CLP,Chilean peso
DATAFLOW,OECD.SDD.NAD:DSD_NAMAIN10@DF_TABLE2(1.0),"Annual national disposable income, saving and net lending/net borrowing",I,A,Annual,CHL,Chile,S1,Total economy,S1,Total economy,IN1D,Primary income payable to the rest of the world,_Z,Not applicable,_Z,Not applicable,_Z,Not applicable,XDC,National currency,V,Current prices,N,Non transformed data,T0107,"Table 0107 - Disposable income, saving, net lending / borrowing",2021,,21838535.868,,,,F,Free (free for publication),1,One,A,Normal value,6,Millions,CLP,Chilean peso
DATAFLOW,OECD.SDD.NAD:DSD_NAMAIN10@DF_TABLE2(1.0),"Annual national disposable income, saving and net lending/net borrowing",I,A,Annual,CHL,Chile,S1,Total economy,S1,Total economy,IN1D,Primary income payable to the rest of the world,_Z,Not applicable,_Z,Not applicable,_Z,Not applicable,XDC,National currency,V,Current prices,N,Non transformed data,T0107,"Table 0107 - Disposable income, saving, net lending / borrowing",2022,,27362669.189,,,,F,Free (free for publication),1,One,A,Normal value,6,Millions,CLP,Chilean peso
DATAFLOW,OECD.SDD.NAD:DSD_NAMAIN10@DF_TABLE2(1.0),"Annual national disposable income, saving and net lending/net borrowing",I,A,Annual,CHL,Chile,S1,Total economy,S1,Total economy,IN1C,Primary income receivable from the rest of the world,_Z,Not applicable,_Z,Not applicable,_Z,Not applicable,XDC,National currency,V,Current prices,N,Non transformed data,T0107,"Table 0107 - Disposable income, saving, net lending / borrowing",2019,,7777287.288,,,,F,Free (free for publication),1,One,A,Normal value,6,Millions,CLP,Chilean peso
DATAFLOW,OECD.SDD.NAD:DSD_NAMAIN10@DF_TABLE2(1.0),"Annual national disposable income, saving and net lending/net borrowing",I,A,Annual,CHL,Chile,S1,Total economy,S1,Total economy,IN1C,Primary income receivable from the rest of the world,_Z,Not applicable,_Z,Not applicable,_Z,Not applicable,XDC,National currency,V,Current prices,N,Non transformed data,T0107,"Table 0107 - Disposable income, saving, net lending / borrowing",2020,,3861522.306,,,,F,Free (free for publication),1,One,A,Normal value,6,Millions,CLP,Chilean peso
DATAFLOW,OECD.SDD.NAD:DSD_NAMAIN10@DF_TABLE2(1.0),"Annual national disposable income, saving and net lending/net borrowing",I,A,Annual,CHL,Chile,S1,Total economy,S1,Total economy,IN1C,Primary income receivable from the rest of the world,_Z,Not applicable,_Z,Not applicable,_Z,Not applicable,XDC,National currency,V,Current prices,N,Non transformed data,T0107,"Table 0107 - Disposable income, saving, net lending / borrowing",2021,,7821189.182,,,,F,Free (free for publication),1,One,A,Normal value,6,Millions,CLP,Chilean peso
DATAFLOW,OECD.SDD.NAD:DSD_NAMAIN10@DF_TABLE2(1.0),"Annual national disposable income, saving and net lending/net borrowing",I,A,Annual,CHL,Chile,S1,Total economy,S1,Total economy,IN1C,Primary income receivable from the rest of the world,_Z,Not applicable,_Z,Not applicable,_Z,Not applicable,XDC,National currency,V,Current prices,N,Non transformed data,T0107,"Table 0107 - Disposable income, saving, net lending / borrowing",2022,,12906543.516,,,,F,Free (free for publication),1,One,A,Normal value,6,Millions,CLP,Chilean peso
DATAFLOW,OECD.SDD.NAD:DSD_NAMAIN10@DF_TABLE2(1.0),"Annual national disposable income, saving and net lending/net borrowing",I,A,Annual,CHL,Chile,S1,Total economy,S1,Total economy,P5,Gross capital formation,_Z,Not applicable,_Z,Not applicable,_Z,Not applicable,XDC,National currency,V,Current prices,N,Non transformed data,T0107,"Table 0107 - Disposable income, saving, net lending / borrowing",2019,,48984181.64,,,,F,Free (free for publication),1,One,A,Normal value,6,Millions,CLP,Chilean peso
DATAFLOW,OECD.SDD.NAD:DSD_NAMAIN10@DF_TABLE2(1.0),"Annual national disposable income, saving and net lending/net borrowing",I,A,Annual,CHL,Chile,S1,Total economy,S1,Total economy,P5,Gross capital formation,_Z,Not applicable,_Z,Not applicable,_Z,Not applicable,XDC,National currency,V,Current prices,N,Non transformed data,T0107,"Table 0107 - Disposable income, saving, net lending / borrowing",2020,,42552421.887,,,,F,Free (free for publication),1,One,A,Normal value,6,Millions,CLP,Chilean peso
DATAFLOW,OECD.SDD.NAD:DSD_NAMAIN10@DF_TABLE2(1.0),"Annual national disposable income, saving and net lending/net borrowing",I,A,Annual,CHL,Chile,S1,Total economy,S1,Total economy,P5,Gross capital formation,_Z,Not applicable,_Z,Not applicable,_Z,Not applicable,XDC,National currency,V,Current prices,N,Non transformed data,T0107,"Table 0107 - Disposable income, saving, net lending / borrowing",2021,,58764290.962,,,,F,Free (free for publication),1,One,A,Normal value,6,Millions,CLP,Chilean peso
DATAFLOW,OECD.SDD.NAD:DSD_NAMAIN10@DF_TABLE2(1.0),"Annual national disposable income, saving and net lending/net borrowing",I,A,Annual,CHL,Chile,S1,Total economy,S1,Total economy,P5,Gross capital formation,_Z,Not applicable,_Z,Not applicable,_Z,Not applicable,XDC,National currency,V,Current prices,N,Non transformed data,T0107,"Table 0107 - Disposable income, saving, net lending / borrowing",2022,,66745300.194,,,,F,Free (free for publication),1,One,A,Normal value,6,Millions,CLP,Chilean peso
DATAFLOW,OECD.SDD.NAD:DSD_NAMAIN10@DF_TABLE2(1.0),"Annual national disposable income, saving and net lending/net borrowing",I,A,Annual,CHL,Chile,S1,Total economy,S1,Total economy,B1GQ,Gross domestic product,_Z,Not applicable,_Z,Not applicable,_Z,Not applicable,XDC,National currency,V,Current prices,N,Non transformed data,T0107,"Table 0107 - Disposable income, saving, net lending / borrowing",2019,,195752228.488,,,,F,Free (free for publication),1,One,A,Normal value,6,Millions,CLP,Chilean peso
DATAFLOW,OECD.SDD.NAD:DSD_NAMAIN10@DF_TABLE2(1.0),"Annual national disposable income, saving and net lending/net borrowing",I,A,Annual,CHL,Chile,S1,Total economy,S1,Total economy,B1GQ,Gross domestic product,_Z,Not applicable,_Z,Not applicable,_Z,Not applicable,XDC,National currency,V,Current prices,N,Non transformed data,T0107,"Table 0107 - Disposable income, saving, net lending / borrowing",2020,,201428894.222,,,,F,Free (free for publication),1,One,A,Normal value,6,Millions,CLP,Chilean peso
DATAFLOW,OECD.SDD.NAD:DSD_NAMAIN10@DF_TABLE2(1.0),"Annual national disposable income, saving and net lending/net borrowing",I,A,Annual,CHL,Chile,S1,Total economy,S1,Total economy,B1GQ,Gross domestic product,_Z,Not applicable,_Z,Not applicable,_Z,Not applicable,XDC,National currency,V,Current prices,N,Non transformed data,T0107,"Table 0107 - Disposable income, saving, net lending / borrowing",2021,,240371473.145,,,,F,Free (free for publication),1,One,A,Normal value,6,Millions,CLP,Chilean peso
DATAFLOW,OECD.SDD.NAD:DSD_NAMAIN10@DF_TABLE2(1.0),"Annual national disposable income, saving and net lending/net borrowing",I,A,Annual,CHL,Chile,S1,Total economy,S1,Total economy,B1GQ,Gross domestic product,_Z,Not applicable,_Z,Not applicable,_Z,Not applicable,XDC,National currency,V,Current prices,N,Non transformed data,T0107,"Table 0107 - Disposable income, saving, net lending / borrowing",2022,,262593355.842,,,,F,Free (free for publication),1,One,A,Normal value,6,Millions,CLP,Chilean peso
DATAFLOW,OECD.SDD.NAD:DSD_NAMAIN10@DF_TABLE2(1.0),"Annual national disposable income, saving and net lending/net borrowing",I,A,Annual,CHL,Chile,S1,Total economy,S1,Total economy,B8N,"Saving, net",_Z,Not applicable,_Z,Not applicable,_Z,Not applicable,XDC,National currency,V,Current prices,N,Non transformed data,T0107,"Table 0107 - Disposable income, saving, net lending / borrowing",2019,,38743892.03,,,,F,Free (free for publication),1,One,A,Normal value,6,Millions,CLP,Chilean peso
DATAFLOW,OECD.SDD.NAD:DSD_NAMAIN10@DF_TABLE2(1.0),"Annual national disposable income, saving and net lending/net borrowing",I,A,Annual,CHL,Chile,S1,Total economy,S1,Total economy,B8N,"Saving, net",_Z,Not applicable,_Z,Not applicable,_Z,Not applicable,XDC,National currency,V,Current prices,N,Non transformed data,T0107,"Table 0107 - Disposable income, saving, net lending / borrowing",2020,,38676537.474,,,,F,Free (free for publication),1,One,A,Normal value,6,Millions,CLP,Chilean peso
DATAFLOW,OECD.SDD.NAD:DSD_NAMAIN10@DF_TABLE2(1.0),"Annual national disposable income, saving and net lending/net borrowing",I,A,Annual,CHL,Chile,S1,Total economy,S1,Total economy,B8N,"Saving, net",_Z,Not applicable,_Z,Not applicable,_Z,Not applicable,XDC,National currency,V,Current prices,N,Non transformed data,T0107,"Table 0107 - Disposable income, saving, net lending / borrowing",2021,,40817047.373,,,,F,Free (free for publication),1,One,A,Normal value,6,Millions,CLP,Chilean peso
DATAFLOW,OECD.SDD.NAD:DSD_NAMAIN10@DF_TABLE2(1.0),"Annual national disposable income, saving and net lending/net borrowing",I,A,Annual,CHL,Chile,S1,Total economy,S1,Total economy,B8N,"Saving, net",_Z,Not applicable,_Z,Not applicable,_Z,Not applicable,XDC,National currency,V,Current prices,N,Non transformed data,T0107,"Table 0107 - Disposable income, saving, net lending / borrowing",2022,,43136011.783,,,,F,Free (free for publication),1,One,A,Normal value,6,Millions,CLP,Chilean peso
DATAFLOW,OECD.SDD.NAD:DSD_NAMAIN10@DF_TABLE2(1.0),"Annual national disposable income, saving and net lending/net borrowing",I,A,Annual,CHL,Chile,S1,Total economy,S1,Total economy,B6N,"Disposable income, net",_Z,Not applicable,_Z,Not applicable,_Z,Not applicable,XDC,National currency,V,Current prices,N,Non transformed data,T0107,"Table 0107 - Disposable income, saving, net lending / borrowing",2019,,189153558.934,,,,F,Free (free for publication),1,One,A,Normal value,6,Millions,CLP,Chilean peso
DATAFLOW,OECD.SDD.NAD:DSD_NAMAIN10@DF_TABLE2(1.0),"Annual national disposable income, saving and net lending/net borrowing",I,A,Annual,CHL,Chile,S1,Total economy,S1,Total economy,B6N,"Disposable income, net",_Z,Not applicable,_Z,Not applicable,_Z,Not applicable,XDC,National currency,V,Current prices,N,Non transformed data,T0107,"Table 0107 - Disposable income, saving, net lending / borrowing",2020,,188540855.183,,,,F,Free (free for publication),1,One,A,Normal value,6,Millions,CLP,Chilean peso
DATAFLOW,OECD.SDD.NAD:DSD_NAMAIN10@DF_TABLE2(1.0),"Annual national disposable income, saving and net lending/net borrowing",I,A,Annual,CHL,Chile,S1,Total economy,S1,Total economy,B6N,"Disposable income, net",_Z,Not applicable,_Z,Not applicable,_Z,Not applicable,XDC,National currency,V,Current prices,N,Non transformed data,T0107,"Table 0107 - Disposable income, saving, net lending / borrowing",2021,,224256555.522,,,,F,Free (free for publication),1,One,A,Normal value,6,Millions,CLP,Chilean peso
DATAFLOW,OECD.SDD.NAD:DSD_NAMAIN10@DF_TABLE2(1.0),"Annual national disposable income, saving and net lending/net borrowing",I,A,Annual,CHL,Chile,S1,Total economy,S1,Total economy,B6N,"Disposable income, net",_Z,Not applicable,_Z,Not applicable,_Z,Not applicable,XDC,National currency,V,Current prices,N,Non transformed data,T0107,"Table 0107 - Disposable income, saving, net lending / borrowing",2022,,248639372.047,,,,F,Free (free for publication),1,One,A,Normal value,6,Millions,CLP,Chilean peso
DATAFLOW,OECD.SDD.NAD:DSD_NAMAIN10@DF_TABLE2(1.0),"Annual national disposable income, saving and net lending/net borrowing",I,A,Annual,CHL,Chile,S1,Total economy,S1,Total economy,B5N,"Balance of primary incomes, net / National income, net",_Z,Not applicable,_Z,Not applicable,_Z,Not applicable,XDC,National currency,V,Current prices,N,Non transformed data,T0107,"Table 0107 - Disposable income, saving, net lending / borrowing",2019,,188419084.622,,,,F,Free (free for publication),1,One,A,Normal value,6,Millions,CLP,Chilean peso
DATAFLOW,OECD.SDD.NAD:DSD_NAMAIN10@DF_TABLE2(1.0),"Annual national disposable income, saving and net lending/net borrowing",I,A,Annual,CHL,Chile,S1,Total economy,S1,Total economy,B5N,"Balance of primary incomes, net / National income, net",_Z,Not applicable,_Z,Not applicable,_Z,Not applicable,XDC,National currency,V,Current prices,N,Non transformed data,T0107,"Table 0107 - Disposable income, saving, net lending / borrowing",2020,,188868059.88,,,,F,Free (free for publication),1,One,A,Normal value,6,Millions,CLP,Chilean peso
DATAFLOW,OECD.SDD.NAD:DSD_NAMAIN10@DF_TABLE2(1.0),"Annual national disposable income, saving and net lending/net borrowing",I,A,Annual,CHL,Chile,S1,Total economy,S1,Total economy,B5N,"Balance of primary incomes, net / National income, net",_Z,Not applicable,_Z,Not applicable,_Z,Not applicable,XDC,National currency,V,Current prices,N,Non transformed data,T0107,"Table 0107 - Disposable income, saving, net lending / borrowing",2021,,226354126.458,,,,F,Free (free for publication),1,One,A,Normal value,6,Millions,CLP,Chilean peso
DATAFLOW,OECD.SDD.NAD:DSD_NAMAIN10@DF_TABLE2(1.0),"Annual national disposable income, saving and net lending/net borrowing",I,A,Annual,CHL,Chile,S1,Total economy,S1,Total economy,B5N,"Balance of primary incomes, net / National income, net",_Z,Not applicable,_Z,Not applicable,_Z,Not applicable,XDC,National currency,V,Current prices,N,Non transformed data,T0107,"Table 0107 - Disposable income, saving, net lending / borrowing",2022,,248137230.169,,,,F,Free (free for publication),1,One,A,Normal value,6,Millions,CLP,Chilean peso
DATAFLOW,OECD.SDD.NAD:DSD_NAMAIN10@DF_TABLE2(1.0),"Annual national disposable income, saving and net lending/net borrowing",I,A,Annual,CHL,Chile,S1,Total economy,S1,Total economy,B5G,"Balance of primary incomes, gross / National income, gross",_Z,Not applicable,_Z,Not applicable,_Z,Not applicable,XDC,National currency,V,Current prices,N,Non transformed data,T0107,"Table 0107 - Disposable income, saving, net lending / borrowing",2019,,188419084.622,,,,F,Free (free for publication),1,One,A,Normal value,6,Millions,CLP,Chilean peso
DATAFLOW,OECD.SDD.NAD:DSD_NAMAIN10@DF_TABLE2(1.0),"Annual national disposable income, saving and net lending/net borrowing",I,A,Annual,CHL,Chile,S1,Total economy,S1,Total economy,B5G,"Balance of primary incomes, gross / National income, gross",_Z,Not applicable,_Z,Not applicable,_Z,Not applicable,XDC,National currency,V,Current prices,N,Non transformed data,T0107,"Table 0107 - Disposable income, saving, net lending / borrowing",2020,,188868059.88,,,,F,Free (free for publication),1,One,A,Normal value,6,Millions,CLP,Chilean peso
DATAFLOW,OECD.SDD.NAD:DSD_NAMAIN10@DF_TABLE2(1.0),"Annual national disposable income, saving and net lending/net borrowing",I,A,Annual,CHL,Chile,S1,Total economy,S1,Total economy,B5G,"Balance of primary incomes, gross / National income, gross",_Z,Not applicable,_Z,Not applicable,_Z,Not applicable,XDC,National currency,V,Current prices,N,Non transformed data,T0107,"Table 0107 - Disposable income, saving, net lending / borrowing",2021,,226354126.458,,,,F,Free (free for publication),1,One,A,Normal value,6,Millions,CLP,Chilean peso
DATAFLOW,OECD.SDD.NAD:DSD_NAMAIN10@DF_TABLE2(1.0),"Annual national disposable income, saving and net lending/net borrowing",I,A,Annual,CHL,Chile,S1,Total economy,S1,Total economy,B5G,"Balance of primary incomes, gross / National income, gross",_Z,Not applicable,_Z,Not applicable,_Z,Not applicable,XDC,National currency,V,Current prices,N,Non transformed data,T0107,"Table 0107 - Disposable income, saving, net lending / borrowing",2022,,248137230.169,,,,F,Free (free for publication),1,One,A,Normal value,6,Millions,CLP,Chilean peso
DATAFLOW,OECD.SDD.NAD:DSD_NAMAIN10@DF_TABLE2(1.0),"Annual national disposable income, saving and net lending/net borrowing",I,A,Annual,CHL,Chile,S1,Total economy,S1,Total economy,B1GQXOTGL,Gross domestic income,_Z,Not applicable,_Z,Not applicable,_Z,Not applicable,XDC,National currency,V,Current prices,N,Non transformed data,T0107,"Table 0107 - Disposable income, saving, net lending / borrowing",2019,,195752228.488,,,,F,Free (free for publication),1,One,A,Normal value,6,Millions,CLP,Chilean peso
DATAFLOW,OECD.SDD.NAD:DSD_NAMAIN10@DF_TABLE2(1.0),"Annual national disposable income, saving and net lending/net borrowing",I,A,Annual,CHL,Chile,S1,Total economy,S1,Total economy,B1GQXOTGL,Gross domestic income,_Z,Not applicable,_Z,Not applicable,_Z,Not applicable,XDC,National currency,V,Current prices,N,Non transformed data,T0107,"Table 0107 - Disposable income, saving, net lending / borrowing",2020,,201428894.222,,,,F,Free (free for publication),1,One,A,Normal value,6,Millions,CLP,Chilean peso
DATAFLOW,OECD.SDD.NAD:DSD_NAMAIN10@DF_TABLE2(1.0),"Annual national disposable income, saving and net lending/net borrowing",I,A,Annual,CHL,Chile,S1,Total economy,S1,Total economy,B1GQXOTGL,Gross domestic income,_Z,Not applicable,_Z,Not applicable,_Z,Not applicable,XDC,National currency,V,Current prices,N,Non transformed data,T0107,"Table 0107 - Disposable income, saving, net lending / borrowing",2021,,240371473.145,,,,F,Free (free for publication),1,One,A,Normal value,6,Millions,CLP,Chilean peso
DATAFLOW,OECD.SDD.NAD:DSD_NAMAIN10@DF_TABLE2(1.0),"Annual national disposable income, saving and net lending/net borrowing",I,A,Annual,CHL,Chile,S1,Total economy,S1,Total economy,B1GQXOTGL,Gross domestic income,_Z,Not applicable,_Z,Not applicable,_Z,Not applicable,XDC,National currency,V,Current prices,N,Non transformed data,T0107,"Table 0107 - Disposable income, saving, net lending / borrowing",2022,,262593355.842,,,,F,Free (free for publication),1,One,A,Normal value,6,Millions,CLP,Chilean peso
